<?xml version="1.0" encoding="UTF-8" standalone="yes"?>
<addon id="plugin.video.itv"
       name="ITV"
       version="1.0.7"
       provider-name="dlake02">
  <requires>
    <import addon="xbmc.python" version="1.0"/>
  </requires>
  <extension point="xbmc.python.pluginsource"
            library="default.py">
        <provides>video</provides>
  </extension>
  <extension point="xbmc.addon.metadata">
    <platform>all</platform>
    <summary>Plugin for ITV Player</summary>
    <description>ITV Player Front End</description>
  </extension>
</addon>
