<?xml version="1.0" encoding="UTF-8" standalone="yes"?>
<addon id="repository.betaitv" name="HELLO REPO" version="1.0" provider-name="HELLO BETA">
	<extension point="xbmc.addon.repository" name="betaitv Addon Repository">
		<info compressed="false">http://dl.dropbox.com/u/CHANGEME/My-Repo/addons.xml</info>
		<checksum>http://dl.dropbox.com/u/CHANGEME/Your-Repo/addons.xml.md5</checksum>
		<datadir zip="true">http://dl.dropbox.com/u/CHANGEME/My-Repo/zips</datadir>
	</extension>
	<extension point="xbmc.addon.metadata">
		<summary>Install MY Addons</summary>
		<description>Download and install addons from FAGGY.......For OFFICIAL !! Support Visit XBMCHUB.COM</description>
		<platform>all</platform>
	</extension>
</addon>

